ACCIDENT_YEAR,COLLISION_DATE,COLLISION_TIME,MONTH,SEASON,24HOURS,DAY_OF_WEEK,INTERSECTION,WEATHER_1,STATE_HWY_IND,ROAD_SURFACE,ROAD_COND_1,LIGHTING,STWD_VEHTYPE_AT_FAULT,CHP_VEHTYPE_AT_FAULT,DIRECTION,PCF_VIOL_CATEGORY,TYPE_OF_COLLISION,PEDESTRIAN_ACCIDENT,BICYCLE_ACCIDENT,MOTORCYCLE_ACCIDENT,TRUCK_ACCIDENT,MVIW,TOW_AWAY,HIT_AND_RUN,CONTROL_DEVICE,NUMBER_INJURED,COUNT_PED_INJURED,COUNT_BICYCLIST_INJURED,COUNT_MC_INJURED,PCF_VIOLATION,PARTY_COUNT,POINT_Y,POINT_X,COLLISION_SEVERITY
2011,2011-01-17,1640,1,4,16,1,N,A,Y,A,H,A,D,22,E,08,E,,,,,I,Y,N,D,1,0,0,0,22107.0,1,40.73771517,-123.00071364,3
2011,2011-01-26,1800,1,4,18,3,Y,A,Y,A,H,D,L,04,,01,H,,Y,,,G,N,N,D,1,0,1,0,21200.0,2,40.72312479,-122.92958431,3
2011,2011-02-15,948,2,4,9,2,N,B,Y,B,H,A,D,22,E,08,F,,,,,A,N,N,D,1,0,0,0,22107.0,1,40.88697981,-123.55963218,4
2011,2011-02-04,1440,2,4,14,5,Y,A,Y,A,H,A,A,07,,09,D,,,,,C,Y,N,D,2,0,0,0,21802.0,2,40.73276739,-122.94047126,3
2011,2011-02-04,2012,2,4,20,5,N,A,N,A,H,C,D,22,N,01,E,,,,,I,Y,F,D,2,0,0,0,23152.0,1,40.72769958,-122.94487904,2
2011,2011-03-24,1820,3,1,18,4,N,C,Y,B,H,A,D,22,N,01,E,,,,,I,Y,N,D,1,0,0,0,23152.0,1,40.55290783,-123.16469751,3
2011,2011-03-14,1715,3,1,17,1,N,B,Y,A,H,A,A,01,S,03,E,,,,,I,Y,N,D,2,0,0,0,22350.0,1,40.85307208,-122.8302553,4
2011,2011-03-29,1430,3,1,14,2,N,C,Y,B,H,A,F,26,W,03,C,,,,Y,C,Y,N,D,1,0,0,0,22350.0,2,40.86974231,-123.52224083,4
2011,2011-03-30,1835,3,1,18,3,N,A,Y,A,H,A,D,22,S,03,B,,Y,,,G,N,N,D,1,0,1,0,22350.0,2,40.55883801,-123.12286469,4
2011,2011-03-06,140,3,1,1,7,N,B,Y,B,H,D,A,07,S,01,E,,,,,I,Y,N,D,1,0,0,0,23152.0,1,40.51612367,-123.17948111,2
2011,2011-04-07,1850,4,1,18,4,N,C,Y,B,H,B,D,22,W,03,E,,,,,I,Y,N,D,1,0,0,0,22350.0,1,40.88645635,-123.58794813,3
2011,2011-04-03,5,4,1,0,7,N,A,Y,A,H,D,A,01,W,01,E,,,,,I,Y,N,D,2,0,0,0,23152.0,1,40.74099991,-122.97984342,3
2011,2011-04-16,915,4,1,9,6,N,B,Y,B,H,A,A,01,E,03,E,,,,,I,Y,N,D,2,0,0,0,22350.0,1,40.8008368,-123.46503907,3
2011,2011-04-08,1600,4,1,16,5,N,A,Y,A,H,A,C,02,E,08,F,,,Y,,A,Y,N,D,1,0,0,1,22107.0,1,40.82679514,-123.48536372,2
2011,2011-05-05,1720,5,1,17,4,N,A,Y,A,H,A,D,22,S,08,H,,Y,,,G,N,F,D,1,0,1,0,22107.0,2,40.55357327,-123.16890913,3
2011,2011-04-23,1200,4,1,12,6,N,B,Y,B,H,A,A,01,N,08,E,,,,,I,Y,N,D,1,0,0,0,22107.0,1,40.85112817,-122.83265795,3
2011,2011-04-12,1400,4,1,14,2,N,B,N,A,H,A,C,02,N,03,F,,,Y,,A,N,N,D,1,0,0,1,22350.0,1,,,3
2011,2011-03-19,2318,3,1,23,6,N,B,Y,B,H,D,A,01,S,01,E,,,,,I,Y,M,D,1,0,0,0,23152.0,1,40.61357617,-122.94272961,4
2011,2011-03-25,2100,3,1,21,5,N,C,N,B,H,D,A,08,N,08,E,,,,,I,Y,N,A,1,0,0,0,22107.0,1,40.68916498,-122.85813927,4
2011,2011-03-31,1100,3,1,11,4,N,A,Y,A,H,A,A,01,S,08,E,,,,,I,Y,N,D,1,0,0,0,22107.0,1,40.56169474,-123.10622748,4
2011,2011-05-23,1500,5,1,15,1,N,A,N,A,H,A,D,22,W,08,E,,,,,I,Y,N,D,1,0,0,0,22107.0,1,40.58174838,-123.2562328,3
2011,2011-05-04,1430,5,1,14,3,N,A,Y,A,H,A,A,01,E,08,E,,,,,I,Y,N,D,1,0,0,0,22107.0,1,40.65449986,-122.76162882,3
2011,2011-05-01,1659,5,1,16,7,Y,A,Y,A,H,A,A,01,,09,H,,Y,,,G,N,N,A,1,0,1,0,21802.0,2,40.72755117,-122.93635146,3
2011,2011-05-13,2250,5,1,22,5,N,A,N,A,H,D,A,01,S,08,E,,,,,I,Y,N,D,2,0,0,0,22107.0,1,40.72664807,-122.94541936,1
2011,2011-07-02,220,7,2,2,6,N,A,Y,A,H,D,A,07,N,01,H,,,,,A,N,N,D,0,0,0,0,23152.0,1,40.5703085,-123.10165162,1
2011,2011-05-30,1845,5,1,18,1,N,B,Y,B,H,A,E,22,S,08,E,,,,,I,Y,N,D,1,0,0,0,22107.0,1,40.8657331,-122.81414812,3
2011,2011-05-21,1510,5,1,15,6,N,A,Y,A,H,A,A,07,E,08,E,,,,,I,Y,N,D,1,0,0,0,22107.0,1,40.68533518,-122.93386362,3
2011,2011-06-09,755,6,2,7,4,N,A,Y,A,H,D,D,23,W,01,E,,,,,I,Y,N,D,1,0,0,0,23152.0,1,40.46435462,-123.53479454,3
2011,2011-06-13,815,6,2,8,1,N,A,Y,A,H,A,D,22,S,08,E,,,,,I,Y,N,D,1,0,0,0,22107.0,1,40.63523047,-122.94605244,4
2011,2011-06-01,1625,6,2,16,3,N,C,N,B,H,A,D,22,W,03,A,,,,,C,Y,N,D,2,0,0,0,22350.0,2,40.46715,-123.1693,4
2011,2011-06-17,1945,6,2,19,5,N,A,Y,A,H,D,D,22,N,08,F,,,,,A,Y,N,D,1,0,0,0,22107.0,1,41.06547153,-122.70264367,2
2011,2011-06-11,1245,6,2,12,6,N,A,Y,A,H,A,C,02,W,08,F,,,Y,,A,N,N,D,1,0,0,1,22107.0,1,40.42014511,-123.45869366,4
2011,2011-05-30,245,5,1,2,1,N,A,Y,A,H,D,A,07,W,01,E,,,,,I,Y,N,D,1,0,0,0,23152.0,1,40.74014674,-122.99916495,3
2011,2011-06-25,915,6,2,9,6,N,A,Y,A,H,A,C,02,E,03,F,,,Y,,A,Y,N,D,1,0,0,1,22350.0,1,40.7993454,-123.46341204,3
2011,2011-06-03,1240,6,2,12,5,N,B,Y,B,H,A,A,01,S,01,E,,,,,I,Y,N,D,2,0,0,0,23152.0,1,40.64784381,-122.94643947,2
2011,2011-06-23,2305,6,2,23,4,N,A,N,A,H,C,D,22,N,01,E,,,,,I,Y,N,D,1,0,0,0,23152.0,1,40.73496543,-122.93563354,3
2011,2011-06-28,1350,6,2,13,2,N,B,Y,B,D,A,C,02,W,05,D,,,Y,,B,Y,N,-,1,0,0,1,21650.0,3,40.76741332,-123.13090081,2
2011,2011-06-18,1247,6,2,12,6,N,A,Y,A,H,A,D,22,N,08,E,,,,,I,Y,N,D,2,0,0,0,22107.0,1,40.60133179,-123.00487482,2
2011,2011-06-29,2305,6,2,23,3,N,A,Y,A,H,D,A,01,W,01,E,,,,,I,Y,N,D,1,0,0,0,23152.0,1,40.88191607,-123.54423388,4
2011,2011-07-10,1810,7,2,18,7,N,A,Y,A,H,A,A,01,W,08,E,,,,,I,Y,N,D,1,0,0,0,22107.0,1,40.81023671,-123.47628972,3
2011,2011-07-03,1210,7,2,12,7,N,A,N,A,H,A,A,01,W,03,F,,,,,A,Y,N,D,1,0,0,0,22350.0,1,40.70991718,-122.81309951,3
2011,2011-07-11,1035,7,2,10,1,N,A,Y,A,D,A,A,01,W,03,C,,,,,C,Y,N,D,4,0,0,0,22350.0,2,40.76836325,-123.1323195,3
2011,2011-07-04,1305,7,2,13,1,N,A,Y,A,H,A,C,02,W,08,F,,,Y,,A,Y,N,D,1,0,0,1,22107.0,1,40.39431855,-123.08606629,2
2011,2011-07-05,2300,7,2,23,2,N,A,Y,A,H,D,A,01,N,08,E,,,,,I,Y,N,D,1,0,0,0,22107.0,1,40.81761119,-122.89220446,4
2011,2011-07-15,815,7,2,8,5,N,A,N,A,H,A,D,22,N,08,E,,,,,I,N,N,D,1,0,0,0,22107.0,1,40.90103731,-123.58890395,4
2011,2011-07-27,1230,7,2,12,3,N,A,N,A,B,A,C,02,S,03,F,,,Y,,A,N,N,D,1,0,0,1,22350.0,1,40.67699687,-122.86625248,2
2011,2011-07-20,1825,7,2,18,3,Y,A,Y,A,H,A,-,- ,,00,E,,Y,,,E,N,N,A,1,0,1,0,,2,40.73126141,-122.93997137,3
2011,2011-07-19,1455,7,2,14,2,N,A,Y,A,H,A,A,01,E,08,E,,,,,I,Y,N,D,1,0,0,0,22107.0,1,40.4032107,-123.13808078,3
2011,2011-08-01,825,8,2,8,1,N,A,Y,A,H,A,A,01,E,08,E,,,,,I,Y,N,D,1,0,0,0,22107.0,1,40.77988024,-123.30901988,4
2011,2011-07-28,1605,7,2,16,4,Y,A,N,A,H,A,L,04,,08,D,,Y,,,G,N,N,D,1,0,1,0,22100.0,2,40.73492,-122.94498,2
2011,2011-08-07,950,8,2,9,7,N,A,Y,A,H,A,-,- ,E,18,E,,,,,J,Y,N,D,1,0,0,0,,2,40.65671494,-122.89558826,4
2011,2011-07-22,1500,7,2,15,5,N,A,Y,A,H,A,-,- ,W,18,E,,,,Y,A,Y,N,D,1,0,0,0,,3,40.79619142,-123.40742623,3
2011,2011-06-17,1600,6,2,16,5,N,A,Y,A,H,A,C,02,E,08,F,,,Y,,A,Y,N,D,1,0,0,1,22107.0,1,40.39428472,-123.104186,3
2011,2011-06-29,1930,6,2,19,3,N,A,N,A,H,A,-,- ,N,18,E,,,,,I,Y,N,D,2,0,0,0,,1,40.81275233,-123.05748146,4
2011,2011-06-17,2010,6,2,20,5,N,A,N,A,H,A,C,02,N,08,F,,,Y,,A,Y,N,D,2,0,0,2,22107.0,1,40.715496,-122.832468,3
2011,2011-06-04,2500,6,2,25,6,N,B,Y,B,H,D,A,07,S,01,F,,,,,A,Y,N,D,1,0,0,0,23152.0,1,40.85301382,-122.82357601,2
2011,2011-07-16,1710,7,2,17,6,N,A,Y,A,H,A,A,01,S,01,E,,,,,I,Y,N,A,1,0,0,0,23152.0,1,40.82702235,-122.88841408,4
2011,2011-07-06,1430,7,2,14,3,N,A,Y,A,H,A,C,02,N,03,E,,,Y,,I,Y,N,D,1,0,0,1,22350.0,1,41.26231322,-122.69011921,2
2011,2011-08-28,1700,8,2,17,7,N,A,Y,A,H,A,A,01,W,08,F,,,,,A,Y,N,D,3,0,0,0,22107.0,1,40.74171516,-123.21181367,2
2011,2011-08-05,2215,8,2,22,5,N,A,Y,A,H,C,A,07,N,10,G,Y,,,,B,N,N,D,1,1,0,0,21950.0,2,40.55409515,-123.18020364,3
2011,2011-07-06,1640,7,2,16,3,N,A,Y,A,H,A,A,07,S,01,F,,,,,I,Y,N,D,1,0,0,0,23152.0,1,41.06467255,-122.70256202,3
2011,2011-07-29,1520,7,2,15,5,N,A,Y,A,H,A,C,02,W,08,E,,,Y,,I,Y,N,D,0,0,0,0,22107.0,1,40.79514471,-123.36407412,1
2011,2011-04-30,2300,4,1,23,6,N,A,Y,A,H,D,A,07,W,03,E,,,,,I,Y,N,D,2,0,0,0,22350.0,1,40.87502514,-123.53682374,1
2011,2011-08-05,1330,8,2,13,5,N,A,N,A,H,A,-,- ,N,- ,F,,,Y,,A,N,N,D,1,0,0,1,,1,40.82928,-123.128106,2
2011,2011-08-21,1550,8,2,15,7,N,A,Y,A,H,A,A,01,W,21,F,,,,,I,Y,N,D,2,0,0,0,22106.0,1,40.75728604,-123.15169063,4
2011,2011-08-09,520,8,2,5,2,N,A,Y,A,H,D,A,07,S,01,F,,,,,A,Y,N,D,1,0,0,0,23152.0,1,40.45050345,-123.16142257,3
2011,2011-08-09,815,8,2,8,2,N,A,Y,A,H,A,A,01,S,09,H,,,Y,,A,N,N,D,1,0,0,1,21804.0,2,40.73728401,-122.92923478,3
2011,2011-08-23,1425,8,2,14,2,N,A,Y,A,H,A,C,02,W,08,F,,,Y,,A,Y,N,D,2,0,0,2,22107.0,1,40.41975168,-123.45768793,3
2011,2011-08-20,1230,8,2,12,6,N,A,Y,A,H,A,A,07,W,08,E,,,,,I,Y,N,D,2,0,0,0,22107.0,1,40.77832515,-123.31328369,3
2011,2011-08-27,730,8,2,7,6,N,A,N,A,H,A,A,01,E,03,E,,,,,I,N,N,D,1,0,0,0,22350.0,1,40.5926269,-122.90690167,4
2011,2011-08-22,1440,8,2,14,1,N,A,Y,A,H,A,A,07,E,08,F,,,,,A,Y,N,D,1,0,0,0,22107.0,1,40.84551969,-123.48324149,3
2011,2011-07-08,1505,7,2,15,5,N,A,N,A,B,A,C,02,W,03,F,,,Y,,A,N,N,A,1,0,0,1,22350.0,1,40.87321582,-123.51870753,2
2011,2011-09-10,1540,9,3,15,6,Y,A,Y,A,H,A,A,01,,09,H,,,Y,,J,N,N,D,2,0,0,2,21801.0,2,40.75048416,-122.9184634,3
2011,2011-09-13,1130,9,3,11,2,N,A,N,A,H,A,C,02,N,08,F,,,Y,,A,N,N,A,1,0,0,1,22107.0,1,40.69227088,-123.03686917,3
2011,2011-09-15,1025,9,3,10,4,N,A,N,A,H,A,A,07,N,08,F,,,,,I,N,F,D,1,0,0,0,22107.0,1,40.68079814,-122.86479458,4
2011,2011-08-21,245,8,2,2,7,N,A,Y,A,H,D,D,22,N,01,E,,,,,I,Y,N,D,2,0,0,0,23152.0,1,40.42559897,-123.15789983,3
2011,2011-09-30,2130,9,3,21,5,N,A,Y,A,H,D,A,01,N,01,C,,,,,C,Y,N,D,2,0,0,0,23152.0,2,40.5525409,-123.16232566,3
2011,2011-10-14,840,10,3,8,5,N,A,Y,A,H,A,D,22,E,08,E,,,,,I,Y,N,D,1,0,0,0,22107.0,1,40.78821556,-123.34769068,2
2011,2011-09-15,1325,9,3,13,4,N,A,Y,A,H,A,A,01,W,08,F,,,,,-,Y,N,D,1,0,0,0,22107.0,1,40.6685065,-122.88596503,4
2011,2011-10-02,1010,10,3,10,7,N,B,Y,A,H,A,C,02,E,08,F,,,Y,,A,Y,N,D,1,0,0,1,22107.0,1,40.39135793,-123.0768213,2
2011,2011-08-27,1825,8,2,18,6,N,A,N,A,H,A,C,02,S,01,H,,,Y,,H,N,N,D,1,0,0,1,23152.0,1,40.54258308,-123.17609247,2
2011,2011-09-11,1600,9,3,16,7,N,A,Y,A,H,A,C,02,E,08,E,,,Y,,J,Y,N,D,1,0,0,1,22107.0,1,40.39439384,-123.10165696,3
2011,2011-09-23,2230,9,3,22,5,N,A,Y,A,H,D,A,01,E,08,E,,,,,I,Y,N,D,1,0,0,0,22107.0,1,40.39403854,-123.10148094,3
2011,2011-10-01,1125,10,3,11,6,N,B,Y,B,H,A,A,01,W,03,E,,,,,I,Y,N,-,1,0,0,0,22350.0,1,40.38912847,-123.06918698,4
2011,2011-09-29,1900,9,3,19,4,N,A,Y,A,H,B,C,02,S,03,E,,,Y,,I,Y,N,D,1,0,0,1,22350.0,1,40.58146516,-123.08339363,4
2011,2011-10-19,1930,10,3,19,3,N,A,Y,A,C,D,A,07,W,03,E,,,,,J,Y,N,D,1,0,0,0,22350.0,1,40.75814263,-123.14900056,4
2011,2011-10-17,1555,10,3,15,1,N,A,N,A,H,A,A,07,E,08,E,,,,,I,Y,N,D,1,0,0,0,22107.0,1,41.016365,-122.66354,2
2011,2011-10-31,2359,10,3,23,1,N,A,Y,A,H,D,A,01,W,08,E,,,,,J,Y,N,D,1,0,0,0,22107.0,1,40.779168,-123.33218379,3
2011,2011-10-29,207,10,3,2,6,N,A,N,A,H,D,D,22,E,01,E,,,,,I,Y,N,D,4,0,0,0,23152.0,1,40.55004517,-123.18924735,3
2011,2011-11-11,600,11,3,6,5,N,E,Y,A,H,D,A,01,W,01,E,,,,,I,Y,N,D,1,0,0,0,23152.0,1,40.88730514,-123.58692375,4
2011,2011-10-28,2220,10,3,22,5,N,A,N,A,H,D,D,22,N,03,E,,,,,I,Y,N,D,0,0,0,0,22350.0,1,40.29608626,-123.43364326,1
2011,2011-11-17,1850,11,3,18,4,N,B,Y,A,H,D,A,01,E,08,E,,,,,I,Y,N,D,1,0,0,0,22107.0,1,40.66658603,-122.89098586,4
2011,2011-10-29,2250,10,3,22,6,N,A,Y,A,H,D,C,02,W,03,E,,,Y,,I,Y,N,D,1,0,0,1,22350.0,1,40.88785869,-123.59213222,2
2011,2011-11-19,1300,11,3,13,6,N,B,Y,B,H,A,A,01,S,08,E,,,,,I,Y,N,D,2,0,0,0,22107.0,1,40.7593504,-122.88728869,3
2011,2011-11-22,1900,11,3,19,2,N,A,N,B,H,D,A,01,E,01,E,,,,,I,N,N,D,1,0,0,0,23152.0,1,40.68464562,-122.87656496,3
2011,2011-11-29,1520,11,3,15,2,N,A,Y,A,H,A,A,01,W,08,E,,,,,I,Y,N,D,1,0,0,0,22107.0,1,40.76121705,-123.14834724,4
2011,2011-12-05,1645,12,4,16,1,N,A,N,C,H,B,A,07,W,03,E,,,,,I,Y,N,D,1,0,0,0,22350.0,1,40.77820887,-122.85353615,4
2011,2011-12-11,2000,12,4,20,7,N,A,N,A,H,D,D,22,S,01,E,,,,,I,Y,N,D,1,0,0,0,23152.0,1,40.6149203,-123.44836049,3
2011,2011-12-08,812,12,4,8,4,N,E,N,C,H,A,A,07,S,03,E,,,,,I,Y,N,D,2,0,0,0,22350.0,1,40.7295452,-122.94352641,3
2011,2011-12-14,2040,12,4,20,3,N,B,Y,B,H,D,A,07,E,08,F,,,,,A,Y,N,D,2,0,0,0,22107.0,1,40.76750938,-123.29465927,2
2011,2011-12-31,2050,12,4,20,6,N,A,Y,B,H,D,A,01,S,03,E,,,,,I,Y,N,D,2,0,0,0,22350.0,1,40.55958515,-123.10609363,3
2011,2011-12-20,1510,12,4,15,2,N,A,N,C,H,A,A,01,E,03,E,,,,,I,Y,N,D,4,0,0,0,22350.0,1,40.77822604,-122.85370946,2
2012,2012-01-21,1142,1,4,11,6,N,A,Y,B,H,A,A,01,W,08,E,,,,,I,Y,N,D,1,0,0,0,22107.0,1,40.65356316,-122.8982159,3
2012,2012-01-22,1920,1,4,19,7,N,D,Y,C,H,D,A,01,S,03,B,,,,,C,Y,N,D,1,0,0,0,22350.0,2,40.55794918,-123.11047579,4
2012,2012-02-01,1545,2,4,15,3,N,B,N,A,H,A,A,07,N,08,E,,,,,I,Y,N,D,2,0,0,0,22107.0,1,,,4
2012,2012-01-28,830,1,4,8,6,N,B,N,C,H,A,D,22,N,03,E,,,,,I,N,N,D,1,0,0,0,22350.0,1,40.68561768,-122.81602743,3
2012,2012-02-13,2050,2,4,20,1,N,A,N,B,H,D,D,22,E,05,E,,,,,I,Y,N,D,1,0,0,0,21650.0,1,41.02075548,-122.67293755,3
2012,2012-02-12,1345,2,4,13,7,Y,B,Y,B,H,A,A,01,,08,D,,,,,C,Y,N,A,1,0,0,0,22100.0,2,40.66296711,-122.80016353,3
2012,2012-01-27,1535,1,4,15,5,N,A,Y,A,H,A,A,01,N,21,G,Y,,,,B,N,N,D,1,1,0,0,22106.0,2,40.38231522,-123.38988944,4
2012,2012-03-18,1420,3,1,14,7,N,B,Y,A,H,A,A,01,S,08,E,,,,,I,Y,N,D,2,0,0,0,22107.0,1,40.62740698,-122.94222088,4
2012,2012-03-16,1330,3,1,13,5,N,C,Y,B,H,A,G,26,E,08,F,,,,Y,I,Y,N,D,1,0,0,0,22107.0,1,40.75927568,-123.14884998,3
2012,2012-02-23,230,2,4,2,4,N,A,N,A,H,D,A,01,N,01,E,,,,,I,Y,N,D,2,0,0,0,23152.0,1,40.74529302,-122.80921841,2
2012,2012-02-16,1736,2,4,17,4,N,A,N,A,H,B,A,07,S,01,F,,,,,A,Y,N,D,1,0,0,0,23152.0,1,40.72036511,-122.94098129,3
2012,2012-03-04,1435,3,1,14,7,N,A,N,-,A,A,A,01,E,08,E,,,,,I,Y,F,D,3,0,0,0,22107.0,1,40.751797,-122.841016,3
2012,2012-03-30,1630,3,1,16,5,N,C,Y,B,B,A,A,08,W,03,C,,,,,C,Y,N,D,1,0,0,0,22350.0,2,40.79390355,-123.37437973,3
2012,2012-04-05,1700,4,1,17,4,N,B,Y,A,H,A,D,22,W,01,E,,,,,J,Y,N,D,1,0,0,0,23152.0,1,40.40924068,-123.18648443,4
2012,2012-04-21,1535,4,1,15,6,N,A,N,A,H,A,C,06,W,01,F,,,Y,,A,N,N,D,1,0,0,1,23152.0,1,40.40074685,-123.06050339,3
2012,2012-04-14,1705,4,1,17,6,N,A,Y,A,H,A,C,02,W,01,E,,,Y,,I,N,N,D,1,0,0,1,23152.0,1,40.76157683,-123.14802786,3
2012,2012-04-19,1215,4,1,12,4,N,B,Y,A,D,A,F,25,W,07,C,,,,Y,C,Y,N,A,2,0,0,0,21658.0,3,40.63924174,-122.74605441,4
2012,2012-05-02,1600,5,1,16,3,Y,B,Y,A,H,A,A,07,,09,D,,,,,C,Y,N,A,4,0,0,0,21802.0,2,40.66296711,-122.80016353,3
2012,2012-04-26,1200,4,1,12,4,N,B,N,B,H,A,A,01,S,08,E,,,,,I,Y,N,D,1,0,0,0,22107.0,1,40.41631693,-123.47361159,3
2012,2012-04-25,1640,4,1,16,3,N,B,Y,A,H,A,A,01,W,08,E,,,,,I,Y,N,D,1,0,0,0,22107.0,1,40.74681528,-123.17272387,3
2012,2012-05-06,242,5,1,2,7,N,A,Y,A,H,D,A,01,E,01,E,,,,,I,Y,N,D,1,0,0,0,23152.0,1,40.66045179,-122.77893788,3
2012,2012-05-28,849,5,1,8,1,N,A,Y,A,H,A,D,22,N,09,D,,,,,C,Y,N,D,2,0,0,0,21801.0,2,40.5543374,-123.17678559,4
2012,2012-05-20,1545,5,1,15,7,N,A,Y,A,H,A,C,02,W,17,F,,,Y,,A,Y,N,D,1,0,0,1,21662.0,1,40.41076698,-123.18559497,3
2012,2012-05-25,500,5,1,5,5,N,A,Y,A,H,D,A,01,E,08,E,,,,,I,N,N,D,1,0,0,0,22107.0,1,40.77658855,-123.33256558,3
2012,2012-05-17,1945,5,1,19,4,N,A,N,A,A,B,A,07,W,08,E,,,,,I,Y,N,D,3,0,0,0,22107.0,1,40.44535318,-123.21949293,4
2012,2012-10-25,227,10,3,2,4,N,A,N,A,H,D,D,23,W,01,E,,,,,I,Y,N,D,3,0,0,0,23152.0,1,40.54244123,-123.16082077,1
2012,2012-06-12,410,6,2,4,2,N,A,Y,A,H,C,A,01,E,01,D,,,,Y,C,Y,N,D,1,0,0,0,23152.0,2,40.7253069,-122.9322588,3
2012,2012-06-11,2150,6,2,21,1,N,A,N,A,H,D,A,01,N,01,F,,,,,I,Y,N,D,2,0,0,0,23152.0,1,40.68185949,-122.81883572,2
2012,2012-06-02,1645,6,2,16,6,N,A,Y,A,H,A,A,01,E,01,E,,,,,I,Y,N,D,1,0,0,0,23152.0,1,40.67226873,-122.88159296,3
2012,2012-06-20,1429,6,2,14,3,N,A,Y,A,H,A,C,02,E,08,-,,,Y,,A,Y,N,A,1,0,0,1,22107.0,1,40.68934706,-122.93340748,3
2012,2012-06-26,2100,6,2,21,2,N,A,Y,A,H,B,C,02,S,17,E,,,Y,,J,Y,N,D,1,0,0,1,21662.0,1,40.75493261,-122.90839226,3
2012,2012-06-22,840,6,2,8,5,N,C,Y,B,H,A,A,07,E,03,E,,,,,I,Y,N,D,1,0,0,0,22350.0,1,40.88212687,-123.54448902,4
2012,2012-06-21,800,6,2,8,4,N,A,N,A,H,A,A,01,S,01,E,,,,,I,Y,N,D,1,0,0,0,23152.0,1,40.65526157,-122.96104756,4
2012,2012-06-10,1700,6,2,17,7,Y,A,Y,A,H,A,L,04,,05,H,,Y,,,G,N,N,A,1,0,1,0,21650.0,2,40.72045938,-122.92830712,3
2012,2012-06-12,630,6,2,6,2,N,A,N,A,H,A,D,22,N,08,E,,,,,I,Y,N,D,1,0,0,0,22107.0,1,40.75060897,-123.08262321,4
2012,2012-06-18,445,6,2,4,1,N,A,Y,A,H,D,A,01,S,08,E,,,,,I,N,N,D,1,0,0,0,22107.0,1,40.56056179,-123.10610651,4
2012,2012-07-09,1745,7,2,17,1,N,A,Y,A,H,A,G,25,N,03,F,,,,Y,A,Y,N,D,1,0,0,0,22350.0,1,41.24086524,-122.66425366,3
2012,2012-07-02,129,7,2,1,1,N,A,Y,A,H,D,-,- ,E,18,E,,,,,J,Y,N,D,1,0,0,0,,1,40.72519517,-123.04891364,3
2012,2012-06-30,1115,6,2,11,6,N,A,Y,A,B,A,C,02,W,03,E,,,Y,,A,Y,N,D,1,0,0,1,22350.0,1,40.7467944,-123.2697315,4
2012,2012-07-03,700,7,2,7,2,N,A,N,A,H,A,A,01,W,08,E,,,,,I,Y,N,D,1,0,0,0,22107.0,1,40.54803132,-123.20518102,3
2012,2012-07-03,400,7,2,4,2,N,A,Y,A,H,D,A,07,E,08,E,,,,,J,Y,N,D,1,0,0,0,22107.0,1,40.82702514,-123.48626372,2
2012,2012-07-04,1543,7,2,15,3,N,A,Y,A,H,A,A,07,E,01,F,,,,,A,Y,N,D,2,0,0,0,23152.0,1,40.75941968,-123.14886798,2
2012,2012-07-10,1204,7,2,12,2,N,A,Y,A,H,A,A,01,E,08,E,,,,,I,Y,N,D,1,0,0,0,22107.0,1,40.67139875,-122.81670389,3